<?xml version="1.0" encoding="UTF-8"?>
<!DOCTYPE mapper PUBLIC "-//mybatis.org//DTD Mapper 3.0//EN" "http://mybatis.org/dtd/mybatis-3-mapper.dtd">
<mapper namespace="com.jens.green.mapper.JENSUserMapper">
    <!-- 自定义查询结果映射 -->
    <resultMap id="BaseResultMap" type="com.jens.green.entity.JENSUser">
        <id column="id" property="id" />
        <result column="username" property="username" />
        <result column="password" property="password" />
        <result column="nickname" property="nickname" />
        <result column="avatar" property="avatar" />
        <result column="email" property="email" />
        <result column="phone" property="phone" />
        <result column="gender" property="gender" />
        <result column="birthday" property="birthday" />
        <result column="total_carbon" property="totalCarbon" />
        <result column="carbon_points" property="carbonPoints" />
        <result column="total_points" property="totalPoints" />
        <result column="status" property="status" />
        <result column="create_time" property="createTime" />
        <result column="update_time" property="updateTime" />
    </resultMap>
    
    <!-- 公共字段列表 -->
    <sql id="Base_Column_List">
        id, username, password, nickname, avatar, email, phone, gender, birthday, 
        total_carbon, carbon_points, total_points, status, create_time, update_time
    </sql>
    
    <!-- 安全字段列表(排除密码) -->
    <sql id="Safe_Column_List">
        id, username, nickname, avatar, email, phone, gender, birthday, 
        total_carbon, carbon_points, total_points, status, create_time, update_time
    </sql>
    
    <!-- 根据ID查询用户 -->
    <select id="selectById" resultMap="BaseResultMap" parameterType="java.lang.Long">
        SELECT 
        <include refid="Base_Column_List" />
        FROM jens_user
        WHERE id = #{id}
    </select>
    
    <!-- 根据用户名查询用户 -->
    <select id="selectByUsername" resultMap="BaseResultMap" parameterType="java.lang.String">
        SELECT 
        <include refid="Base_Column_List" />
        FROM jens_user
        WHERE username = #{username}
    </select>
    
    <!-- 根据用户名和密码查询用户(登录) -->
    <select id="selectByUsernameAndPassword" resultMap="BaseResultMap">
        SELECT 
        <include refid="Base_Column_List" />
        FROM jens_user
        WHERE username = #{username} AND password = #{password}
    </select>
    
    <!-- 分页查询用户列表 -->
    <select id="selectUserPage" resultMap="BaseResultMap">
        SELECT 
        <include refid="Safe_Column_List" />
        FROM jens_user
        <where>
            <if test="username != null and username != ''">
                AND username LIKE CONCAT('%', #{username}, '%')
            </if>
            <if test="nickname != null and nickname != ''">
                AND nickname LIKE CONCAT('%', #{nickname}, '%')
            </if>
            <if test="email != null and email != ''">
                AND email LIKE CONCAT('%', #{email}, '%')
            </if>
            <if test="phone != null and phone != ''">
                AND phone LIKE CONCAT('%', #{phone}, '%')
            </if>
            <if test="status != null">
                AND status = #{status}
            </if>
        </where>
        ORDER BY create_time DESC
    </select>
    
    <!-- 插入用户 -->
    <insert id="insert" parameterType="com.jens.green.entity.JENSUser" useGeneratedKeys="true" keyProperty="id">
        INSERT INTO jens_user (
            username, password, nickname, avatar, email, phone, gender, birthday,
            total_carbon, carbon_points, total_points, status, create_time, update_time
        ) VALUES (
            #{username}, #{password}, #{nickname}, #{avatar}, #{email}, #{phone}, #{gender}, #{birthday},
            #{totalCarbon}, #{carbonPoints}, #{totalPoints}, #{status}, now(), now()
        )
    </insert>
    
    <!-- 更新用户信息 -->
    <update id="updateById" parameterType="com.jens.green.entity.JENSUser">
        UPDATE jens_user
        <set>
            <if test="et.username != null">username = #{et.username},</if>
            <if test="et.password != null">password = #{et.password},</if>
            <if test="et.nickname != null">nickname = #{et.nickname},</if>
            <if test="et.avatar != null">avatar = #{et.avatar},</if>
            <if test="et.email != null">email = #{et.email},</if>
            <if test="et.phone != null">phone = #{et.phone},</if>
            <if test="et.gender != null">gender = #{et.gender},</if>
            <if test="et.birthday != null">birthday = #{et.birthday},</if>
            <if test="et.totalCarbon != null">total_carbon = #{et.totalCarbon},</if>
            <if test="et.carbonPoints != null">carbon_points = #{et.carbonPoints},</if>
            <if test="et.totalPoints != null">total_points = #{et.totalPoints},</if>
            <if test="et.status != null">status = #{et.status},</if>
            update_time = now()
        </set>
        WHERE id = #{et.id}
    </update>
    
    <!-- 更新用户积分 -->
    <update id="updateCarbonPoints">
        UPDATE jens_user
        SET carbon_points = carbon_points + #{points},
            update_time = now()
        WHERE id = #{userId}
    </update>
    
    <!-- 更新用户碳减排量 -->
    <update id="updateTotalCarbon">
        UPDATE jens_user
        SET total_carbon = total_carbon + #{carbon},
            update_time = now()
        WHERE id = #{userId}
    </update>
    
    <!-- 删除用户(逻辑删除) -->
    <update id="deleteById" parameterType="java.lang.Long">
        UPDATE jens_user
        SET status = 0,
            update_time = now()
        WHERE id = #{id}
    </update>
    
    <!-- 查询用户统计数据 -->
    <select id="selectUserStats" resultType="java.util.Map">
        SELECT 
            COUNT(1) AS totalUsers,
            SUM(carbon_points) AS totalCarbonPoints,
            SUM(total_carbon) AS totalCarbonReduction,
            SUM(total_points) AS totalSystemPoints
        FROM jens_user
        WHERE status = 1
    </select>
</mapper> 