<?xml version="1.0" encoding="UTF-8"?>
<!DOCTYPE mapper PUBLIC "-//mybatis.org//DTD Mapper 3.0//EN" "http://mybatis.org/dtd/mybatis-3-mapper.dtd">
<mapper namespace="com.jens.green.mapper.JENSPrizeMapper">
    
    <!-- 分页查询上架的奖品 -->
    <select id="selectPrizesOnSale" resultType="com.jens.green.entity.JENSPrize">
        SELECT * 
        FROM jens_prize 
        WHERE status = 1
        <if test="prizeType != null">
            AND prize_type = #{prizeType}
        </if>
        ORDER BY points_required ASC
    </select>
    
    <!-- 减少奖品库存 -->
    <update id="decreaseStock">
        UPDATE jens_prize 
        SET stock = stock - #{count}
        WHERE id = #{prizeId} 
        AND stock &gt;= #{count}
    </update>
    
    <!-- 根据类型和状态查询奖品 -->
    <select id="selectByTypeAndStatus" resultType="com.jens.green.entity.JENSPrize">
        SELECT * 
        FROM jens_prize 
        WHERE 1=1
        <if test="type != null">
            AND prize_type = #{type}
        </if>
        <if test="status != null">
            AND status = #{status}
        </if>
        ORDER BY points_required ASC
    </select>
    
    <!-- 根据ID查询并锁定奖品 -->
    <select id="selectByIdForUpdate" resultType="com.jens.green.entity.JENSPrize">
        SELECT * 
        FROM jens_prize 
        WHERE id = #{id} 
        FOR UPDATE
    </select>
    
    <!-- 更新奖品库存 -->
    <update id="updateStock">
        UPDATE jens_prize 
        SET stock = #{stock}
        WHERE id = #{id}
    </update>
    
    <!-- 分页查询奖品列表 -->
    <select id="selectPrizePage" resultType="com.jens.green.entity.JENSPrize">
        SELECT * 
        FROM jens_prize 
        <where>
            <if test="status != null">
                status = #{status}
            </if>
        </where>
        ORDER BY id DESC
    </select>
    
</mapper> 