<?xml version="1.0" encoding="UTF-8"?>
<!DOCTYPE mapper PUBLIC "-//mybatis.org//DTD Mapper 3.0//EN" "http://mybatis.org/dtd/mybatis-3-mapper.dtd">
<mapper namespace="com.jens.green.mapper.JENSAchievementMapper">
    
    <!-- 查询所有启用的成就 -->
    <select id="selectAllEnabled" resultType="com.jens.green.entity.JENSAchievement">
        SELECT * 
        FROM jens_achievement 
        WHERE status = 1
        ORDER BY condition_value ASC
    </select>
    
    <!-- 根据类型和状态查询成就 -->
    <select id="selectByTypeAndStatus" resultType="com.jens.green.entity.JENSAchievement">
        SELECT * 
        FROM jens_achievement 
        WHERE type = #{type}
        <if test="status != null">
            AND status = #{status}
        </if>
        ORDER BY condition_value ASC
    </select>
    
    <!-- 根据条件值范围查询成就 -->
    <select id="selectByConditionRange" resultType="com.jens.green.entity.JENSAchievement">
        SELECT * 
        FROM jens_achievement 
        WHERE type = #{type}
        AND condition_value &gt;= #{minValue}
        AND condition_value &lt;= #{maxValue}
        AND status = 1
        ORDER BY condition_value ASC
    </select>
    
    <!-- 分页查询成就列表 -->
    <select id="selectAchievementPage" resultType="com.jens.green.entity.JENSAchievement">
        SELECT * 
        FROM jens_achievement 
        <where>
            <if test="status != null">
                status = #{status}
            </if>
        </where>
        ORDER BY id DESC
    </select>
    
</mapper>