<?xml version="1.0" encoding="UTF-8"?>
<!DOCTYPE mapper PUBLIC "-//mybatis.org//DTD Mapper 3.0//EN" "http://mybatis.org/dtd/mybatis-3-mapper.dtd">
<mapper namespace="com.jens.green.mapper.JENSActivityRecordMapper">
    
    <!-- 根据用户ID查询活动记录 -->
    <select id="selectByUserId" resultType="com.jens.green.entity.JENSActivityRecord">
        SELECT * 
        FROM jens_activity_record 
        WHERE user_id = #{userId}
        ORDER BY start_time DESC
    </select>
    
    <!-- 根据用户ID和活动类型查询活动记录 -->
    <select id="selectByUserIdAndType" resultType="com.jens.green.entity.JENSActivityRecord">
        SELECT * 
        FROM jens_activity_record 
        WHERE user_id = #{userId}
        <if test="activityType != null and activityType != ''">
            AND activity_type = #{activityType}
        </if>
        ORDER BY start_time DESC
    </select>
    
    <!-- 获取用户活动统计数据 -->
    <select id="selectStatsForUser" resultType="map">
        SELECT 
            activity_type,
            COUNT(*) as total_count,
            SUM(duration) as total_duration,
            SUM(distance) as total_distance,
            SUM(carbon_reduced) as total_carbon_reduced,
            SUM(points_earned) as total_points_earned
        FROM jens_activity_record
        WHERE user_id = #{userId}
        AND status = 1
        GROUP BY activity_type
    </select>
    
</mapper> 