<?xml version="1.0" encoding="UTF-8"?>
<!DOCTYPE mapper PUBLIC "-//mybatis.org//DTD Mapper 3.0//EN" "http://mybatis.org/dtd/mybatis-3-mapper.dtd">
<mapper namespace="com.jens.green.mapper.JENSSensorConfigMapper">
    
    <!-- 根据用户ID和活动类型查询配置 -->
    <select id="selectByUserIdAndActivityType" resultType="com.jens.green.entity.JENSSensorConfig">
        SELECT 
            id, user_id, activity_type, 
            heart_rate_min, heart_rate_max, 
            speed_min, speed_max, step_frequency, 
            enabled, create_time, update_time
        FROM jens_sensor_config 
        WHERE user_id = #{userId}
        AND activity_type = #{activityType}
        LIMIT 1
    </select>
    
    <!-- 查询用户所有传感器配置 -->
    <select id="selectByUserId" resultType="com.jens.green.entity.JENSSensorConfig">
        SELECT 
            id, user_id, activity_type, 
            heart_rate_min, heart_rate_max, 
            speed_min, speed_max, step_frequency, 
            enabled, create_time, update_time
        FROM jens_sensor_config 
        WHERE user_id = #{userId}
    </select>
    
    <!-- 根据用户ID和传感器类型查询配置 -->
    <!-- 通过传感器类型映射到活动类型 -->
    <select id="selectByUserIdAndType" resultType="com.jens.green.entity.JENSSensorConfig">
        SELECT 
            id, user_id, activity_type, 
            heart_rate_min, heart_rate_max, 
            speed_min, speed_max, step_frequency, 
            enabled, create_time, update_time
        FROM jens_sensor_config 
        WHERE user_id = #{userId}
        AND CASE #{sensorType}
            WHEN 1 THEN activity_type IN ('walking', 'running') -- 心率传感器
            WHEN 2 THEN activity_type IN ('cycling', 'hiking')  -- 加速度计
            WHEN 3 THEN activity_type IN ('swimming', 'gym')    -- GPS
            ELSE activity_type = 'walking'
        END
        LIMIT 1
    </select>
    
    <!-- 更新或插入配置 -->
    <insert id="insertOrUpdate" parameterType="com.jens.green.entity.JENSSensorConfig">
        INSERT INTO jens_sensor_config(
            user_id, activity_type, heart_rate_min, heart_rate_max, 
            speed_min, speed_max, step_frequency, enabled, create_time, update_time
        ) VALUES (
            #{userId}, #{activityType}, #{heartRateMin}, #{heartRateMax}, 
            #{speedMin}, #{speedMax}, #{stepFrequency}, #{enabled}, NOW(), NOW()
        ) ON DUPLICATE KEY UPDATE
            heart_rate_min = #{heartRateMin},
            heart_rate_max = #{heartRateMax},
            speed_min = #{speedMin},
            speed_max = #{speedMax},
            step_frequency = #{stepFrequency},
            enabled = #{enabled},
            update_time = NOW()
    </insert>
    
</mapper> 