<?xml version="1.0" encoding="UTF-8"?>
<!DOCTYPE mapper PUBLIC "-//mybatis.org//DTD Mapper 3.0//EN" "http://mybatis.org/dtd/mybatis-3-mapper.dtd">
<mapper namespace="com.jens.green.mapper.JENSPrizeExchangeMapper">
    
    <!-- 查询用户兑换记录 -->
    <select id="selectByUserId" resultType="com.jens.green.entity.JENSPrizeExchange">
        SELECT * 
        FROM jens_prize_exchange 
        WHERE user_id = #{userId}
        ORDER BY exchange_time DESC
    </select>
    
    <!-- 更新兑换记录状态 -->
    <update id="updateStatus">
        UPDATE jens_prize_exchange
        SET status = #{status}, 
            remark = CONCAT(IFNULL(remark, ''), ' ', #{remark}),
            update_time = NOW()
        WHERE id = #{id}
        <if test="originalStatus != null">
            AND status = #{originalStatus}
        </if>
    </update>
    
    <!-- 查询兑换记录与奖品信息 -->
    <select id="selectExchangeWithPrizeInfo" resultType="map">
        SELECT e.*, p.name as prize_name, p.description as prize_description, p.image_url, p.prize_type
        FROM jens_prize_exchange e
        INNER JOIN jens_prize p ON e.prize_id = p.id
        WHERE e.id = #{id}
    </select>
    
</mapper> 