<?xml version="1.0" encoding="UTF-8"?>
<!DOCTYPE mapper PUBLIC "-//mybatis.org//DTD Mapper 3.0//EN" "http://mybatis.org/dtd/mybatis-3-mapper.dtd">
<mapper namespace="com.jens.green.mapper.JENSPointsRecordMapper">
    
    <!-- 查询用户积分记录 -->
    <select id="selectByUserId" resultType="com.jens.green.entity.JENSPointsRecord">
        SELECT * 
        FROM jens_points_record 
        WHERE user_id = #{userId}
        ORDER BY create_time DESC
    </select>
    
    <!-- 分组查询用户积分统计 -->
    <select id="selectPointsStatsByType" resultType="map">
        SELECT 
            type,
            SUM(CASE WHEN points &gt; 0 THEN points ELSE 0 END) as income,
            SUM(CASE WHEN points &lt; 0 THEN ABS(points) ELSE 0 END) as expense,
            COUNT(*) as count
        FROM jens_points_record
        WHERE user_id = #{userId}
        GROUP BY type
    </select>
    
    <!-- 批量插入积分记录 -->
    <insert id="batchInsert" parameterType="java.util.List">
        INSERT INTO jens_points_record
        (user_id, points, type, related_id, description, create_time)
        VALUES
        <foreach collection="list" item="item" separator=",">
            (
            #{item.userId}, 
            #{item.points}, 
            #{item.type}, 
            #{item.relatedId}, 
            #{item.description},
            NOW()
            )
        </foreach>
    </insert>
    
</mapper> 